artist_id,artist_name,genres,popularity,followers,track_track_id,track_track_name,track_popularity,track_duration_ms,track_explicit,track_release_date,track_album_name,track_spotify_url
0k7xoR8j1LbA4VXbKCH5dL,Kieran Alleyne,[],37,9346,04f7fQILKDgLE8aHbF73VO,Runnin Low,53,231273,True,2014-10-17,Runnin Low,https://open.spotify.com/track/04f7fQILKDgLE8aHbF73VO
7mcE0EmrnPmyAGU3UBJrFg,LOVELI LORI,[],66,147752,0nBZciKoSZ9bHnV6DmMdUd,get u off my mind,52,143810,False,2024-02-17,get u off my mind,https://open.spotify.com/track/0nBZciKoSZ9bHnV6DmMdUd
1uNFoZAHBGtllmzznpCI3s,Justin Bieber,[],91,82592505,24OeEKPQ8qqNZnPevRHxUT,Red Eye (feat. TroyBoi),62,187452,False,2021-10-08,Justice (The Complete Edition),https://open.spotify.com/track/24OeEKPQ8qqNZnPevRHxUT
3NR7hAacOhmcztWvD7vJfS,Sickick,[],67,1167145,2YwggolH9uKgkqWlDwTyi1,Kill Me Slowly,36,183529,True,2019-08-24,Kill Me Slowly,https://open.spotify.com/track/2YwggolH9uKgkqWlDwTyi1
5cj0lLjcoR7YOSnhnX0Po5,Doja Cat,[],87,33373833,0FFsgUoFibYISzMxuGS61W,I Don't Do Drugs (feat. Ariana Grande),67,188893,True,2021-06-25,Planet Her,https://open.spotify.com/track/0FFsgUoFibYISzMxuGS61W
57nPqD7z62gDdq37US9XJR,Arcane,[],81,704918,071uK6V3dKj3BMNNzTEyRu,Fantastic (from the series Arcane League of Legends),73,184960,True,2024-11-23,Arcane League of Legends: Season 2 (Soundtrack from the Animated Series),https://open.spotify.com/track/071uK6V3dKj3BMNNzTEyRu
6beUvFUlKliUYJdLOXNj9C,King Princess,[],62,1746065,071uK6V3dKj3BMNNzTEyRu,Fantastic (from the series Arcane League of Legends),73,184960,True,2024-11-23,Arcane League of Legends: Season 2 (Soundtrack from the Animated Series),https://open.spotify.com/track/071uK6V3dKj3BMNNzTEyRu
2h93pZq0e7k5yf4dywlkpM,Frank Ocean,[],88,18955995,3GZD6HmiNUhxXYf8Gch723,Lost,86,234093,True,2012-07-10,channel ORANGE,https://open.spotify.com/track/3GZD6HmiNUhxXYf8Gch723
57nPqD7z62gDdq37US9XJR,Arcane,[],81,704918,6BPcUXYERAahpunmb0AovH,"Ma Meilleure Ennemie - From The Series ""Arcane League of Legends""",43,147973,False,2024-11-23,Arcane League of Legends: Season 2 (Soundtrack from the Animated Series),https://open.spotify.com/track/6BPcUXYERAahpunmb0AovH
47mIJdHORyRerp4os813jD,League of Legends,[],80,2067823,6BPcUXYERAahpunmb0AovH,"Ma Meilleure Ennemie - From The Series ""Arcane League of Legends""",43,147973,False,2024-11-23,Arcane League of Legends: Season 2 (Soundtrack from the Animated Series),https://open.spotify.com/track/6BPcUXYERAahpunmb0AovH
1OnS88O8YjUxREnjBAAUyo,activist,[],0,1,5lfVYOAwQNpEPt1PeCtFXd,Wasted (Nightcore),0,194062,False,2021-08-05,Wasted (Nightcore),https://open.spotify.com/track/5lfVYOAwQNpEPt1PeCtFXd
0cVXdHbTk1NE9HlTTq3Vrq,ඞ,[],0,185,5lfVYOAwQNpEPt1PeCtFXd,Wasted (Nightcore),0,194062,False,2021-08-05,Wasted (Nightcore),https://open.spotify.com/track/5lfVYOAwQNpEPt1PeCtFXd
3SoiuzIZzYE1R5mZVQ0Okv,ice,[],0,0,5lfVYOAwQNpEPt1PeCtFXd,Wasted (Nightcore),0,194062,False,2021-08-05,Wasted (Nightcore),https://open.spotify.com/track/5lfVYOAwQNpEPt1PeCtFXd
6jJxh2s6dDwnHF9l8V7vQE,Murkis,[],0,0,5lfVYOAwQNpEPt1PeCtFXd,Wasted (Nightcore),0,194062,False,2021-08-05,Wasted (Nightcore),https://open.spotify.com/track/5lfVYOAwQNpEPt1PeCtFXd
6qgnBH6iDM91ipVXv28OMu,KAYTRANADA,[],75,1737062,2mykLbf6YfpFmZwUWowZv3,Caution,49,155758,False,2021-02-18,Caution,https://open.spotify.com/track/2mykLbf6YfpFmZwUWowZv3
3G9gR0x4v3J2Vek0Fw0yf2,Emily Vaughn,[],46,170699,2kJMPjf1stbTEy0ZEOeTxf,madly,53,100363,False,2022-06-10,madly,https://open.spotify.com/track/2kJMPjf1stbTEy0ZEOeTxf
12knc5DPOIJKd0qEeYaDVm,Joseph Tilley,[],44,31273,2kJMPjf1stbTEy0ZEOeTxf,madly,53,100363,False,2022-06-10,madly,https://open.spotify.com/track/2kJMPjf1stbTEy0ZEOeTxf
4HZ5fqzmMUI1khzRpOeZBP,we're ok!,[],42,8392,2kJMPjf1stbTEy0ZEOeTxf,madly,53,100363,False,2022-06-10,madly,https://open.spotify.com/track/2kJMPjf1stbTEy0ZEOeTxf
1I8yEn0RSxacRvLxd8N56a,Vintage,[],59,143670,7kB0RUekEcP3fGyrBeKOhN,Eva,66,250500,False,2021-04-23,PLATINUM 1,https://open.spotify.com/track/7kB0RUekEcP3fGyrBeKOhN
2TSCvFRJbnfG12C6sgdQtf,Eva Polna,[],48,26120,7kB0RUekEcP3fGyrBeKOhN,Eva,66,250500,False,2021-04-23,PLATINUM 1,https://open.spotify.com/track/7kB0RUekEcP3fGyrBeKOhN
6PFcrRZezCL5p9A0nwb7ki,Anthony Russo,[],44,86317,6ae29ZzSPYq61ARnOn3CGh,California,44,189295,False,2017-08-17,California,https://open.spotify.com/track/6ae29ZzSPYq61ARnOn3CGh
0NQ0vJuBrV7xBO7MJd32Fe,Yuktam Khosla,[],18,1048,0CIMWOMDLu3kOx7YpLte4c,To You,35,165125,False,2024-07-04,To You,https://open.spotify.com/track/0CIMWOMDLu3kOx7YpLte4c
0lIfkNe6WgxCTlzU3vwg5x,Moving in Silence,[],54,10898,3MNYWKzMNhTV6rI5h9eyhn,I GET IT,71,134745,True,2024-05-03,I GET IT,https://open.spotify.com/track/3MNYWKzMNhTV6rI5h9eyhn
0MUAgiAYuEWh1LI4sqmimL,Lilaj,[],54,2498,3MNYWKzMNhTV6rI5h9eyhn,I GET IT,71,134745,True,2024-05-03,I GET IT,https://open.spotify.com/track/3MNYWKzMNhTV6rI5h9eyhn
59y6xFfVvHz8wtzEWMPtvC,DaleoDaVinci,[],54,1199,3MNYWKzMNhTV6rI5h9eyhn,I GET IT,71,134745,True,2024-05-03,I GET IT,https://open.spotify.com/track/3MNYWKzMNhTV6rI5h9eyhn
6R44YeR0cv8sCeCi2GUWAf,Krysta Youngs,[],44,10497,2AB3zYpAXkiTbwtkrVYpv5,Habit - T- Mass Remix,19,233616,False,2016-12-16,Habit (Remixes - Part 1),https://open.spotify.com/track/2AB3zYpAXkiTbwtkrVYpv5
6YxrfNCKBcQlbITpmDLErL,Xuitcasecity,[],44,106236,2HYbaHbXBHpJSZuwCIVQcg,Where Do We Go,32,206188,True,2017-08-08,INDXGO,https://open.spotify.com/track/2HYbaHbXBHpJSZuwCIVQcg
4LLpKhyESsyAXpc4laK94U,Mac Miller,[],84,11822901,6GnhWMhgJb7uyiiPEiEkDA,Weekend (feat. Miguel),79,208080,True,2015-09-18,GO:OD AM,https://open.spotify.com/track/6GnhWMhgJb7uyiiPEiEkDA
4V8LLVI7PbaPR0K2TGSxFF,"Tyler, The Creator",[],90,22194191,4bEcoz1OcfMgUbp2ft8ieQ,911 / Mr. Lonely (feat. Frank Ocean & Steve Lacy),75,255653,True,2017-07-21,Flower Boy,https://open.spotify.com/track/4bEcoz1OcfMgUbp2ft8ieQ
2h93pZq0e7k5yf4dywlkpM,Frank Ocean,[],88,18955995,4bEcoz1OcfMgUbp2ft8ieQ,911 / Mr. Lonely (feat. Frank Ocean & Steve Lacy),75,255653,True,2017-07-21,Flower Boy,https://open.spotify.com/track/4bEcoz1OcfMgUbp2ft8ieQ
57vWImR43h4CaDao012Ofp,Steve Lacy,[],81,5995202,4bEcoz1OcfMgUbp2ft8ieQ,911 / Mr. Lonely (feat. Frank Ocean & Steve Lacy),75,255653,True,2017-07-21,Flower Boy,https://open.spotify.com/track/4bEcoz1OcfMgUbp2ft8ieQ
6Bp6tELZjPJxxvPii0BkIh,Citizen,[],42,28959,1zjPk4TbcTtyJD1WdQauZn,YOU HAUNT ME,50,161541,False,2024-06-30,YOU HAUNT ME,https://open.spotify.com/track/1zjPk4TbcTtyJD1WdQauZn
3ArAgOeUCHkMRK6yaDQO6a,Saint Eli,[],2,331,1IaCWjYkC06SCtpP37YyyT,Electric Nausea,13,245760,True,2020-08-28,Electric Nausea,https://open.spotify.com/track/1IaCWjYkC06SCtpP37YyyT
3gN8Ihw22Vt9mnK97gbwMQ,RUBII,[],64,164555,0uU6wpqMrSe8SuIAJNIje9,Jealousy,72,173114,True,2024-01-31,Jealousy,https://open.spotify.com/track/0uU6wpqMrSe8SuIAJNIje9
1Xyo4u8uXC1ZmMpatF05PJ,The Weeknd,[],96,105641915,4F7A0DXBrmUAkp32uenhZt,Party Monster,80,249213,True,2016-11-25,Starboy,https://open.spotify.com/track/4F7A0DXBrmUAkp32uenhZt
1Xyo4u8uXC1ZmMpatF05PJ,The Weeknd,[],96,105641915,6i759FCuKx713ZnYjtpQGU,True Colors,60,206026,False,2016-11-24,Starboy,https://open.spotify.com/track/6i759FCuKx713ZnYjtpQGU
73eAAfRkS2Vi4hx68oTJJE,John K,[],56,284547,1cRY1p6f4k8B1fGt7hnP5H,A LOT,50,181945,False,2022-01-14,A LOT,https://open.spotify.com/track/1cRY1p6f4k8B1fGt7hnP5H
5SVHLhz1Vv5m4xmkT4Pk6D,Austin George,[],52,100329,2Pe1BR1o0uRKzPizuQIZg9,Freak Like That,54,135843,False,2022-04-15,Freak Like That,https://open.spotify.com/track/2Pe1BR1o0uRKzPizuQIZg9
6Pl9JiXOkO6LMZqvJ06m62,Zach Golden,[],17,457,28qnkHilpWFTLs82yQqkw9,Siren,20,182395,False,2020-10-02,Siren,https://open.spotify.com/track/28qnkHilpWFTLs82yQqkw9
1moe1b4xSgmk21yyPyuGYl,overtide,[],26,2703,2uJTJduymgic2IoV2EYhwf,City,25,119497,True,2022-01-14,City,https://open.spotify.com/track/2uJTJduymgic2IoV2EYhwf
44PkBtAQLIQ45IDNop6d78,Jake Hope,[],26,24305,5eUxnq6LlN8z49ka9O0a2Q,By Your Side,31,190819,False,2018-04-03,Lost Boy,https://open.spotify.com/track/5eUxnq6LlN8z49ka9O0a2Q
7cYEt1pqMgXJdq00hAwVpT,Chase Atlantic,[],83,9749327,1p3RpKfSJQcVTEwrQWr8q7,SLIDE,66,235720,True,2021-03-05,BEAUTY IN DEATH,https://open.spotify.com/track/1p3RpKfSJQcVTEwrQWr8q7
0pghUohLPptZWBasy2wmUx,THEY.,[],55,370145,2A4h80LMeI4pHiTf4vTrli,Play Fight (with Tinashe),46,194773,True,2020-10-23,The Amanda Tape,https://open.spotify.com/track/2A4h80LMeI4pHiTf4vTrli
3v9wPA58IVrX2dg6AjSPgi,Virginia To Vegas,[],48,86507,7g4fGyTvAdjHdgQ1xlkfBq,you don't know,17,177257,False,2023-02-17,life gets interesting...,https://open.spotify.com/track/7g4fGyTvAdjHdgQ1xlkfBq
0iEtIxbK0KxaSlF7G42ZOp,Metro Boomin,[],87,11032072,6HexNTb392JS071DoTGo0y,Hummingbird (Metro Boomin & James Blake),69,319493,False,2023-06-02,METRO BOOMIN PRESENTS SPIDER-MAN: ACROSS THE SPIDER-VERSE (SOUNDTRACK FROM AND INSPIRED BY THE MOTION PICTURE),https://open.spotify.com/track/6HexNTb392JS071DoTGo0y
53KwLdlmrlCelAZMaLVZqU,James Blake,[],69,1533395,6HexNTb392JS071DoTGo0y,Hummingbird (Metro Boomin & James Blake),69,319493,False,2023-06-02,METRO BOOMIN PRESENTS SPIDER-MAN: ACROSS THE SPIDER-VERSE (SOUNDTRACK FROM AND INSPIRED BY THE MOTION PICTURE),https://open.spotify.com/track/6HexNTb392JS071DoTGo0y
1c2q368iVXxuTcNdwSDr6i,Elle Eliades,[],36,17025,73tnLQtl7FqD0MS7VEM0xi,You,52,231504,False,2021-02-12,You,https://open.spotify.com/track/73tnLQtl7FqD0MS7VEM0xi
6RnLyUD6H4MFRkh90eWpKS,R.L. KING,[],34,1464,73tnLQtl7FqD0MS7VEM0xi,You,52,231504,False,2021-02-12,You,https://open.spotify.com/track/73tnLQtl7FqD0MS7VEM0xi
2jku7tDXc6XoB6MO2hFuqg,Tory Lanez,[],82,7806588,4xqIYGwwZTEem9U8A42SPF,Broke In A Minute,76,132023,True,2020-04-10,The New Toronto 3,https://open.spotify.com/track/4xqIYGwwZTEem9U8A42SPF
7wLyGTO9vUS7ndlq4BvBGe,Blake Rose,[],48,115202,5uMoppTUGhP4l1Unv4OaMX,Lost,58,234623,False,2020-11-06,Lost,https://open.spotify.com/track/5uMoppTUGhP4l1Unv4OaMX
1vq0ZWY33ZutMpMbQSxAEv,Blake and Miles,[],29,41757,54WtrEdFT7X2CDo4HnIqvM,RED,35,158210,True,2021-03-26,RED,https://open.spotify.com/track/54WtrEdFT7X2CDo4HnIqvM
2jku7tDXc6XoB6MO2hFuqg,Tory Lanez,[],82,7806588,2XR5jx7gCTpgRoYu358UQ9,White Lightning,48,210592,True,2025-03-07,PETERSON,https://open.spotify.com/track/2XR5jx7gCTpgRoYu358UQ9
20kAERGCnqfyGydzop8bfg,Lil God Dan,[],54,103391,17zEBtrjKKa2hwk9CxWIkX,MARCELINE,69,155054,False,2020-12-15,MARCELINE,https://open.spotify.com/track/17zEBtrjKKa2hwk9CxWIkX
3pgU8pQNyQdIG0uZZsbDSv,Sereda,[],28,14628,6buE2gAJXcruOE9plYKKzJ,Plead the Fifth,14,205134,True,2020-06-06,I Plead the Fifth,https://open.spotify.com/track/6buE2gAJXcruOE9plYKKzJ
79xvSUqngetd6CbJ1bgb4p,Haiden Henderson,[],57,176089,1O5UqpLWNMgYhV69gi9pEM,sweat,66,144143,True,2024-09-20,sweat,https://open.spotify.com/track/1O5UqpLWNMgYhV69gi9pEM
0NDUnr826GEtQiB2q5YLpB,Cova,[],6,5811,768mDXbMd1HU97HgpaQvsp,i miss the days,5,137614,True,2022-07-07,thank you for coming.,https://open.spotify.com/track/768mDXbMd1HU97HgpaQvsp
2LIk90788K0zvyj2JJVwkJ,Jack Harlow,[],80,4211808,2aWVaW1p2kUc5yuKwBmRJi,I WANNA SEE SOME ASS (feat. jetsonmade),66,125302,True,2020-03-13,Sweet Action,https://open.spotify.com/track/2aWVaW1p2kUc5yuKwBmRJi
0UcXjTpzt0DmIwPSNwlJfF,jetsonmade,[],49,31242,2aWVaW1p2kUc5yuKwBmRJi,I WANNA SEE SOME ASS (feat. jetsonmade),66,125302,True,2020-03-13,Sweet Action,https://open.spotify.com/track/2aWVaW1p2kUc5yuKwBmRJi
3v9wPA58IVrX2dg6AjSPgi,Virginia To Vegas,[],48,86507,5XnDUr04O83sHaWfqOr6ak,Palm Springs (the way you made me feel),39,170051,False,2020-09-18,Palm Springs (the way you made me feel),https://open.spotify.com/track/5XnDUr04O83sHaWfqOr6ak
0X2BH1fck6amBIoJhDVmmJ,Ellie Goulding,[],81,13060483,4TZ2Ub8bZh4LTs06eANDXa,Lights - Sped Up Version,69,190053,False,2022-07-01,Lights (Sped Up Version),https://open.spotify.com/track/4TZ2Ub8bZh4LTs06eANDXa
7lbOsvk3lUWYry0Kjzsj5V,Speed Radio,[],62,3453,4TZ2Ub8bZh4LTs06eANDXa,Lights - Sped Up Version,69,190053,False,2022-07-01,Lights (Sped Up Version),https://open.spotify.com/track/4TZ2Ub8bZh4LTs06eANDXa
1iH2Yx2Ea0kZ0zKI3Nlk30,Goody Grace,[],49,122411,7wKcgaMTqYw3WjNh1ppwxE,HEARTLESS (with Goody Grace),39,185560,True,2021-07-30,HEARTLESS (with Goody Grace),https://open.spotify.com/track/7wKcgaMTqYw3WjNh1ppwxE
0khqcsFxd6ans7Zh1JqraT,Croosh,[],45,101616,3w3JQmnMe3Qj1DfEg59OOZ,Comedown,25,157241,True,2019-08-23,Crazy Virgo,https://open.spotify.com/track/3w3JQmnMe3Qj1DfEg59OOZ
2R2Yg2qPloNOTOfqxfXX7l,benny mayne,[],59,40289,7kqxLkHkJkSrmGpZioZsfA,afraid of luv,19,186577,True,2019-05-31,afraid of luv / robbery,https://open.spotify.com/track/7kqxLkHkJkSrmGpZioZsfA
6NvsNA4Ea62yJh7ePTS8gz,Josh Levi,[],58,101077,76IbQ6ED5Cy7aDbgmi0EUS,IF THE WORLD,47,179234,False,2020-07-01,DISC ONE,https://open.spotify.com/track/76IbQ6ED5Cy7aDbgmi0EUS
7AbKOHOvn27dK0FOiboAno,Black Atlass,[],51,122405,4e1oVrRZQmNeIWQIamg47m,Glow in the Dark,15,222396,False,2022-09-16,Genesis,https://open.spotify.com/track/4e1oVrRZQmNeIWQIamg47m
5Qi4Bb7a8C0a00NZcA77L0,D12,[],65,3424341,4XHQyvbrBsQaaBUW1VvmsL,My Band,74,298773,True,2004-01-01,D-12 World,https://open.spotify.com/track/4XHQyvbrBsQaaBUW1VvmsL
3aQeKQSyrW4qWr35idm0cy,T-Pain,[],81,5484850,1RGIjMFMgJxkZHMDXVYzOJ,Bartender (feat. Akon),79,238800,True,2007-06-05,Epiphany (Expanded Edition),https://open.spotify.com/track/1RGIjMFMgJxkZHMDXVYzOJ
0z4gvV4rjIZ9wHck67ucSV,Akon,[],84,5642327,1RGIjMFMgJxkZHMDXVYzOJ,Bartender (feat. Akon),79,238800,True,2007-06-05,Epiphany (Expanded Edition),https://open.spotify.com/track/1RGIjMFMgJxkZHMDXVYzOJ
6sjYoprgk0hVjBA77kIXUr,DCMBR,[],44,8925,4Ww95SZlGP1cO2LmZYv4y0,Closer,4,175652,False,2023-01-26,Closer,https://open.spotify.com/track/4Ww95SZlGP1cO2LmZYv4y0
6zxas7ptAnvAjHkA8n0pqc,DJ Swanzy,[],5,1184,4Ww95SZlGP1cO2LmZYv4y0,Closer,4,175652,False,2023-01-26,Closer,https://open.spotify.com/track/4Ww95SZlGP1cO2LmZYv4y0
6aWaRINbCAt1TPJYJuDvtA,Bangers Only,[],42,55006,3vxtXePnUwn97N8ZzEZKZx,Stalker,34,163199,True,2020-06-24,Stalker,https://open.spotify.com/track/3vxtXePnUwn97N8ZzEZKZx
1yTzC3WPWrDcO6lsCWEeKe,Sannan,[],18,3468,3vxtXePnUwn97N8ZzEZKZx,Stalker,34,163199,True,2020-06-24,Stalker,https://open.spotify.com/track/3vxtXePnUwn97N8ZzEZKZx
6qgnBH6iDM91ipVXv28OMu,KAYTRANADA,[],75,1737062,2kYf8lZWXI4Ajd7ZhVhKhu,YOU'RE THE ONE (feat. Syd),53,227746,False,2016-05-06,99.9%,https://open.spotify.com/track/2kYf8lZWXI4Ajd7ZhVhKhu
5R5EUMWsrYDt3ItavrP6C5,Sushant KC,[],57,534964,4zdOY2zRsFjG2B8OMH17sJ,Parkha Na,57,242000,False,2024-02-02,Parkha Na,https://open.spotify.com/track/4zdOY2zRsFjG2B8OMH17sJ
3xqQWqc1WDHFmoSJZotEsG,NOLAN,[],21,2281,6P2Big8I59CgNw5U55h4EF,Conclusion,23,149250,True,2019-06-04,Before the Suns Up,https://open.spotify.com/track/6P2Big8I59CgNw5U55h4EF
0xu4jAQQv7ZAqvFGdc9HgP,Boy In Space,[],52,221528,0vS6NZFZeDkTysBqSXay9W,Caroline,42,158571,False,2020-02-07,Caroline,https://open.spotify.com/track/0vS6NZFZeDkTysBqSXay9W
3PcuPOF2Ev7AF4Fj4pLFLf,Groovie Gang,[],17,700,44ZXIuWI1x1vWnIiWEbgcv,Under The Influence,30,151794,False,2022-12-16,Under The Influence,https://open.spotify.com/track/44ZXIuWI1x1vWnIiWEbgcv
6UWui6Csqc1ywqnDzjOWnk,Kid Travis,[],48,122848,44ZXIuWI1x1vWnIiWEbgcv,Under The Influence,30,151794,False,2022-12-16,Under The Influence,https://open.spotify.com/track/44ZXIuWI1x1vWnIiWEbgcv
1Xyo4u8uXC1ZmMpatF05PJ,The Weeknd,[],96,105641915,0stJVUUSrbEwyFHOp2dRu0,Open Hearts,65,234923,False,2025-01-30,Hurry Up Tomorrow,https://open.spotify.com/track/0stJVUUSrbEwyFHOp2dRu0
5cIc3SBFuBLVxJz58W2tU9,Oh Wonder,[],66,1090084,2eAZfqOm4EnOF9VvN50Tyc,The Way Life Goes (feat. Oh Wonder),80,221746,True,2017-08-25,Luv Is Rage 2,https://open.spotify.com/track/2eAZfqOm4EnOF9VvN50Tyc
1RE4ryNw7e9GftMcUeYKrR,ALX,[],31,12815,2hNRw8C4YZ38junnuEIla7,Freakshow (feat. Nina Chuba),23,156346,True,2021-10-06,Freakshow (feat. Nina Chuba),https://open.spotify.com/track/2hNRw8C4YZ38junnuEIla7
74KM79TiuVKeVCqs8QtB0B,Sabrina Carpenter,[],91,22832745,2WNHUp4s806SJrsj698ZX3,That’s Not How This Works (feat. Dan + Shay & Sabrina Carpenter) - Sabrina’s Version,66,166640,False,2023-04-14,That’s Not How This Works (feat. Dan + Shay & Sabrina Carpenter) [Sabrina’s Version],https://open.spotify.com/track/2WNHUp4s806SJrsj698ZX3
0iEtIxbK0KxaSlF7G42ZOp,Metro Boomin,[],87,11032072,2Hh3ETdQKrmSI3QS0hme7g,Too Many Nights (feat. Don Toliver & with Future),85,199920,True,2022-12-02,HEROES & VILLAINS,https://open.spotify.com/track/2Hh3ETdQKrmSI3QS0hme7g
4Gso3d4CscCijv0lmajZWs,Don Toliver,[],87,6745100,2Hh3ETdQKrmSI3QS0hme7g,Too Many Nights (feat. Don Toliver & with Future),85,199920,True,2022-12-02,HEROES & VILLAINS,https://open.spotify.com/track/2Hh3ETdQKrmSI3QS0hme7g
7qe188k1HYRj6PSFgaGljT,Asha Imuno,[],40,21755,3N1iERegpLyK2hztjYNp0M,ZIG ZAGGING,49,124800,True,2022-05-27,ZIG ZAGGING,https://open.spotify.com/track/3N1iERegpLyK2hztjYNp0M
26Hx3p02bxJ4cLfua31zmz,Zac Greer,[],39,29245,0TrtWWtMVmSx5yJxCItM7y,crazy,43,157331,True,2020-08-06,crazy,https://open.spotify.com/track/0TrtWWtMVmSx5yJxCItM7y
7cYEt1pqMgXJdq00hAwVpT,Chase Atlantic,[],83,9749327,7w5z1zkYX9QzDGRaVyZ9Fr,BEAUTY IN DEATH,61,264226,True,2021-03-05,BEAUTY IN DEATH,https://open.spotify.com/track/7w5z1zkYX9QzDGRaVyZ9Fr
73sIBHcqh3Z3NyqHKZ7FOL,Childish Gambino,[],81,14170501,3vQ4T78TTMOjQXGfXVKQJo,Redbone,84,326933,True,2016-12-02,"""Awaken, My Love!""",https://open.spotify.com/track/3vQ4T78TTMOjQXGfXVKQJo
3v9wPA58IVrX2dg6AjSPgi,Virginia To Vegas,[],48,86507,7q0mrt0oxcTxuGZe4SjNiG,more often than not,34,155905,False,2024-08-23,more often than not,https://open.spotify.com/track/7q0mrt0oxcTxuGZe4SjNiG
1Xyo4u8uXC1ZmMpatF05PJ,The Weeknd,[],96,105641915,7HLn9FW7A3XPb5JVYN1090,Dancing In The Flames - Live from São Paulo,47,312012,False,2024-09-13,Dancing In The Flames (Live from São Paulo),https://open.spotify.com/track/7HLn9FW7A3XPb5JVYN1090
1INuLZXjjVbcJRyWvD1iSq,Jack & Jack,[],59,1414755,5ZSl6gDoV6bPPxzmLeneV9,Rise,74,194407,False,2018-11-09,Blue,https://open.spotify.com/track/5ZSl6gDoV6bPPxzmLeneV9
2jku7tDXc6XoB6MO2hFuqg,Tory Lanez,[],82,7806588,7uDTc1eJwsD7iMZLhdp8LH,Who Needs Love,57,173870,True,2020-04-10,The New Toronto 3,https://open.spotify.com/track/7uDTc1eJwsD7iMZLhdp8LH
3OgXv5i2hFt93vxZ8iVLcc,Myles Lloyd,[],50,29884,0dbJxSJ4Xw3VqMWJiBr2IK,Goodbye,30,152000,False,2019-09-18,Goodbye,https://open.spotify.com/track/0dbJxSJ4Xw3VqMWJiBr2IK
69GGBxA162lTqCwzJG5jLp,The Chainsmokers,[],83,21068519,7BKLCZ1jbUBVqRi2FVlTVw,Closer,89,244960,False,2016-07-29,Closer,https://open.spotify.com/track/7BKLCZ1jbUBVqRi2FVlTVw
26VFTg2z8YR0cCuwLzESi2,Halsey,[],83,22151717,7BKLCZ1jbUBVqRi2FVlTVw,Closer,89,244960,False,2016-07-29,Closer,https://open.spotify.com/track/7BKLCZ1jbUBVqRi2FVlTVw
5chF6eWietLUxodwje2c4M,K3NT4!,[],59,123542,5ATQf5CDSo52OedbkiBmsf,I can't do this,72,176255,False,2023-09-08,I can't do this,https://open.spotify.com/track/5ATQf5CDSo52OedbkiBmsf
540vIaP2JwjQb9dm3aArA4,DJ Snake,[],80,9146439,0lYBSQXN6rCTvUZvg9S0lU,Let Me Love You,89,205946,False,2016-08-05,Encore,https://open.spotify.com/track/0lYBSQXN6rCTvUZvg9S0lU
1uNFoZAHBGtllmzznpCI3s,Justin Bieber,[],91,82592505,0lYBSQXN6rCTvUZvg9S0lU,Let Me Love You,89,205946,False,2016-08-05,Encore,https://open.spotify.com/track/0lYBSQXN6rCTvUZvg9S0lU
1z7b1Pr1rSlvWRzsW3HOrS,Russ,[],76,5381311,6xRNqXP3baPR9buXr8vreM,3AM,54,200547,True,2020-05-19,SHAKE THE SNOW GLOBE (DELUXE),https://open.spotify.com/track/6xRNqXP3baPR9buXr8vreM
1uNFoZAHBGtllmzznpCI3s,Justin Bieber,[],91,82592505,6czM6UMQD9qE5GAUp68oud,Confident - Single Version,57,248146,False,2013-01-01,Journals,https://open.spotify.com/track/6czM6UMQD9qE5GAUp68oud
1anyVhU62p31KFi8MEzkbf,Chance the Rapper,[],76,6030976,6czM6UMQD9qE5GAUp68oud,Confident - Single Version,57,248146,False,2013-01-01,Journals,https://open.spotify.com/track/6czM6UMQD9qE5GAUp68oud
3NR7hAacOhmcztWvD7vJfS,Sickick,[],67,1167145,58sJPNOw0zqYY60HCv0O3r,I Wanna Know,24,244224,False,2017-03-23,I Wanna Know,https://open.spotify.com/track/58sJPNOw0zqYY60HCv0O3r
6NvsNA4Ea62yJh7ePTS8gz,Josh Levi,[],58,101077,3Kp2ogmekvPjXyu8zQdDHK,NASA,44,132794,True,2022-06-09,DISC TWO,https://open.spotify.com/track/3Kp2ogmekvPjXyu8zQdDHK
7ofG5BaSiQp8WeL4YCYDhF,adore,[],66,141601,6vZCWKiXwxCG0buNfWeQD8,press play,49,135111,False,2024-08-02,press play,https://open.spotify.com/track/6vZCWKiXwxCG0buNfWeQD8
6NvsNA4Ea62yJh7ePTS8gz,Josh Levi,[],58,101077,4ZdsDgJL0CtRsGU0xUlWiB,KNOW BETTER,39,151428,False,2020-07-01,DISC ONE,https://open.spotify.com/track/4ZdsDgJL0CtRsGU0xUlWiB
7cYEt1pqMgXJdq00hAwVpT,Chase Atlantic,[],83,9749327,1JdQibdvxgcrB8Rv1KFndw,HEAVEN AND BACK,79,248240,False,2019-06-28,PHASES,https://open.spotify.com/track/1JdQibdvxgcrB8Rv1KFndw
5LHRHt1k9lMyONurDHEdrp,Tyga,[],80,7205236,0k6DnZMLoEUH8NGD5zh2SE,Ayo,76,225226,True,2015-02-24,Fan of A Fan The Album (Expanded Edition),https://open.spotify.com/track/0k6DnZMLoEUH8NGD5zh2SE
4QGic2UQwhraaN63znXHMu,PRAYER,[],27,5544,1jxnWd88y7DxHKUSmRyNRe,My Way,21,155713,True,2020-05-29,My Way,https://open.spotify.com/track/1jxnWd88y7DxHKUSmRyNRe
0McwqCjlkYzk2Un3yWnAfa,Yung Trench,[],6,40,1jxnWd88y7DxHKUSmRyNRe,My Way,21,155713,True,2020-05-29,My Way,https://open.spotify.com/track/1jxnWd88y7DxHKUSmRyNRe
2jku7tDXc6XoB6MO2hFuqg,Tory Lanez,[],82,7806588,4sMmYKC0ot3GTbl2RzHw7T,And This is Just The Intro,72,326813,True,2021-03-05,PLAYBOY,https://open.spotify.com/track/4sMmYKC0ot3GTbl2RzHw7T
2LIk90788K0zvyj2JJVwkJ,Jack Harlow,[],80,4211808,1jaTQ3nqY3oAAYyCTbIvnM,WHATS POPPIN,74,139741,True,2020-03-13,Sweet Action,https://open.spotify.com/track/1jaTQ3nqY3oAAYyCTbIvnM
6XwwFnewNgWp81MYMK8zLq,Edward Maya,[],70,318998,3VakHBkNYe93PXHwHSkL33,Stereo Love (Original),54,247614,False,2010-05-15,Stereo Love,https://open.spotify.com/track/3VakHBkNYe93PXHwHSkL33
34dZRjYum6vVBGslgYaBtB,Vika Jigulina,[],68,38396,3VakHBkNYe93PXHwHSkL33,Stereo Love (Original),54,247614,False,2010-05-15,Stereo Love,https://open.spotify.com/track/3VakHBkNYe93PXHwHSkL33
1Xyo4u8uXC1ZmMpatF05PJ,The Weeknd,[],96,105641915,1sOW4PuG5X3Ie3EXUhAopJ,Escape From LA,68,355960,True,2020-03-20,After Hours,https://open.spotify.com/track/1sOW4PuG5X3Ie3EXUhAopJ
4ofCBoyEiGSePFAG500xev,Regard,[],67,277598,2tnVG71enUj33Ic2nFN6kZ,Ride It,80,157605,False,2019-07-26,Ride It,https://open.spotify.com/track/2tnVG71enUj33Ic2nFN6kZ
53k2km8u55n9YaJJB7scjX,carwash,[],48,97650,2CCyaazY8X5EFqdWDtmVvs,striptease,64,160659,True,2019-11-05,striptease,https://open.spotify.com/track/2CCyaazY8X5EFqdWDtmVvs
2LIk90788K0zvyj2JJVwkJ,Jack Harlow,[],80,4211808,4RKJRRd4VJfZWiqQTYsleE,Already Best Friends (feat. Chris Brown),66,197031,True,2020-12-11,Thats What They All Say,https://open.spotify.com/track/4RKJRRd4VJfZWiqQTYsleE
7cYEt1pqMgXJdq00hAwVpT,Chase Atlantic,[],83,9749327,7uDUb37h7Xdhza1eWMkoJv,Friends,87,230010,False,2015-02-21,Nostalgia - EP,https://open.spotify.com/track/7uDUb37h7Xdhza1eWMkoJv
0YL46Muu8yKzyKoDZ4pTSa,APE,[],29,1497,1nHQdojhIIJmYgCIemppW9,She's in my Head,35,179986,False,2023-04-21,She's in my Head,https://open.spotify.com/track/1nHQdojhIIJmYgCIemppW9
5exS0bytCYdixgv02DaCm3,William Singe,[],60,621664,1nHQdojhIIJmYgCIemppW9,She's in my Head,35,179986,False,2023-04-21,She's in my Head,https://open.spotify.com/track/1nHQdojhIIJmYgCIemppW9
0E4cyoPVE9oyFQEaGLlNNC,Tiishe,[],48,22568,1zOniw7cIgymqJxuEFSzHJ,Summer Zoned,27,97731,False,2023-08-16,Summer Zoned,https://open.spotify.com/track/1zOniw7cIgymqJxuEFSzHJ
5Y8eJDj37KhaEeqbVO7Ag1,PRETTYMUCH,[],58,1263645,0VpEX8ib3wE7u8NOw4szU6,Eyes Off You,71,204266,False,2019-05-24,Phases - EP,https://open.spotify.com/track/0VpEX8ib3wE7u8NOw4szU6
07YZf4WDAMNwqr4jfgOZ8y,Jason Derulo,[],79,12486369,6OPZtIV3uoZQT1YkoiEQH9,The Other Side,67,226986,False,2013-09-10,Tattoos,https://open.spotify.com/track/6OPZtIV3uoZQT1YkoiEQH9
1Xyo4u8uXC1ZmMpatF05PJ,The Weeknd,[],96,105641915,0mL82sxCRjrs3br407IdJh,Is There Someone Else?,83,199111,False,2022-01-06,Dawn FM,https://open.spotify.com/track/0mL82sxCRjrs3br407IdJh
4uvAG6DJRqC6DKk7DLfP7b,hrishi,[],20,13628,5iJTZQAuEin2lMoT7zY6ya,like a ghost,26,149639,False,2020-11-20,like a ghost,https://open.spotify.com/track/5iJTZQAuEin2lMoT7zY6ya
2NhdGz9EDv2FeUw6udu2g1,The Wanted,[],65,2488623,5yDL13y5giogKs2fSNf7sj,Glad You Came,79,197935,False,2011-01-01,Battleground (Deluxe Edition),https://open.spotify.com/track/5yDL13y5giogKs2fSNf7sj
1Xyo4u8uXC1ZmMpatF05PJ,The Weeknd,[],96,105641915,2jYDC9fMp3FD6TZx3IRI9J,Wanderlust,26,305693,False,2013-09-09,Kiss Land (Deluxe MENA Version),https://open.spotify.com/track/2jYDC9fMp3FD6TZx3IRI9J
1Xyo4u8uXC1ZmMpatF05PJ,The Weeknd,[],96,105641915,4UknpXoLjlB7Mao4UWcJ2o,A Lonely Night,64,220173,False,2016-11-24,Starboy,https://open.spotify.com/track/4UknpXoLjlB7Mao4UWcJ2o
4kYGAK2zu9EAomwj3hXkXy,JP Cooper,[],67,932464,3P3pw6C19j31Rnzgo3JG7o,Perfect Strangers,80,196613,False,2018-11-09,Blue,https://open.spotify.com/track/3P3pw6C19j31Rnzgo3JG7o
2wUjUUtkb5lvLKcGKsKqsR,Alessia Cara,[],75,12139023,0I20rLT2MJDhcF96AjbNYo,Stay,60,210400,False,2017-12-29,Stay +,https://open.spotify.com/track/0I20rLT2MJDhcF96AjbNYo
6DIS6PRrLS3wbnZsf7vYic,WALK THE MOON,[],71,2211356,4kbj5MwxO1bq9wjT5g9HaA,Shut Up and Dance,88,199080,False,2014-12-02,TALKING IS HARD,https://open.spotify.com/track/4kbj5MwxO1bq9wjT5g9HaA
6O9vGMmTwzihULICPCsNf2,Balu Brigada,[],62,111720,2GnyD2EllduW0BjmacUSNL,Designer,68,190933,False,2023-07-28,Find A Way,https://open.spotify.com/track/2GnyD2EllduW0BjmacUSNL
0iEtIxbK0KxaSlF7G42ZOp,Metro Boomin,[],87,11032072,0AAMnNeIc6CdnfNU85GwCH,Self Love (Spider-Man: Across the Spider-Verse) (Metro Boomin & Coi Leray),75,189466,False,2023-06-02,METRO BOOMIN PRESENTS SPIDER-MAN: ACROSS THE SPIDER-VERSE (SOUNDTRACK FROM AND INSPIRED BY THE MOTION PICTURE),https://open.spotify.com/track/0AAMnNeIc6CdnfNU85GwCH
6AMd49uBDJfhf30Ak2QR5s,Coi Leray,[],70,888212,0AAMnNeIc6CdnfNU85GwCH,Self Love (Spider-Man: Across the Spider-Verse) (Metro Boomin & Coi Leray),75,189466,False,2023-06-02,METRO BOOMIN PRESENTS SPIDER-MAN: ACROSS THE SPIDER-VERSE (SOUNDTRACK FROM AND INSPIRED BY THE MOTION PICTURE),https://open.spotify.com/track/0AAMnNeIc6CdnfNU85GwCH
5aHlyw2WWqZW0HLICBuv7U,Zach Hood,[],56,324798,1w9L6dvttZalWd8XqFYvSa,Isabelle,56,135000,False,2021-02-05,Isabelle,https://open.spotify.com/track/1w9L6dvttZalWd8XqFYvSa
1Xylc3o4UrD53lo9CvFvVg,Zara Larsson,[],77,10727199,6hmhG1b4LEyNuashVvuIAo,Never Forget You,75,213427,False,2017-03-17,So Good,https://open.spotify.com/track/6hmhG1b4LEyNuashVvuIAo
7uMh23xWiuR7zsNkuNcm2G,MNEK,[],68,304031,6hmhG1b4LEyNuashVvuIAo,Never Forget You,75,213427,False,2017-03-17,So Good,https://open.spotify.com/track/6hmhG1b4LEyNuashVvuIAo
0iEtIxbK0KxaSlF7G42ZOp,Metro Boomin,[],87,11032072,1LAqyTGterNHVFTR2s8aEM,Link Up - Spider-Verse Remix (Spider-Man: Across the Spider-Verse - Instrumental),33,195386,False,2023-08-04,METRO BOOMIN PRESENTS SPIDER-MAN: ACROSS THE SPIDER-VERSE [SOUNDTRACK FROM AND INSPIRED BY THE MOTION PICTURE (METROVERSE INSTRUMENTAL EDITION)],https://open.spotify.com/track/1LAqyTGterNHVFTR2s8aEM
7DMveApC7UnC2NPfPvlHSU,Cheat Codes,[],67,2102991,1louJpMmzEicAn7lzDalPW,No Promises (feat. Demi Lovato),69,223503,False,2017-03-31,No Promises (feat. Demi Lovato),https://open.spotify.com/track/1louJpMmzEicAn7lzDalPW
6S2OmqARrzebs0tKUEyXyp,Demi Lovato,[],78,27169889,1louJpMmzEicAn7lzDalPW,No Promises (feat. Demi Lovato),69,223503,False,2017-03-31,No Promises (feat. Demi Lovato),https://open.spotify.com/track/1louJpMmzEicAn7lzDalPW
4wP1kxjUsc9IR4Iy2smL7o,Trinidad Cardona,[],62,330151,5ZJ9wxMqAhIOekYLmukc2L,Jennifer,72,213539,True,2017-09-11,Jennifer,https://open.spotify.com/track/5ZJ9wxMqAhIOekYLmukc2L
3ZyMt4ZzT5TWAFKvm0UxYb,DREAMDNVR,[],43,20236,1UyDQh3HBJwL6IxR9mXipZ,AMNESIA (feat. Boy In Space),46,175826,False,2020-08-07,AMNESIA (feat. Boy In Space),https://open.spotify.com/track/1UyDQh3HBJwL6IxR9mXipZ
0xu4jAQQv7ZAqvFGdc9HgP,Boy In Space,[],52,221528,1UyDQh3HBJwL6IxR9mXipZ,AMNESIA (feat. Boy In Space),46,175826,False,2020-08-07,AMNESIA (feat. Boy In Space),https://open.spotify.com/track/1UyDQh3HBJwL6IxR9mXipZ
7mcE0EmrnPmyAGU3UBJrFg,LOVELI LORI,[],66,147752,2DkKddV2e952EAteyuV0wP,Love For You,81,170233,False,2022-05-21,Love For You,https://open.spotify.com/track/2DkKddV2e952EAteyuV0wP
0pghUohLPptZWBasy2wmUx,THEY.,[],55,370145,2zLLUKyL10JBXPqUS7e7Ne,Count Me In (with Kiana Ledé),38,194480,True,2021-02-24,Count Me In (with Kiana Ledé),https://open.spotify.com/track/2zLLUKyL10JBXPqUS7e7Ne
7jZMxhsB8djyIbYmoiJSTs,Kiana Ledé,[],60,1720967,2zLLUKyL10JBXPqUS7e7Ne,Count Me In (with Kiana Ledé),38,194480,True,2021-02-24,Count Me In (with Kiana Ledé),https://open.spotify.com/track/2zLLUKyL10JBXPqUS7e7Ne
5uCNbWBRebH8Si8AzJ5gIT,Varju,[],30,2546,33Q63fuOn7soFIBGNnMaXX,Valencia - acoustic,17,142875,False,2024-03-08,Keepsake (acoustic),https://open.spotify.com/track/33Q63fuOn7soFIBGNnMaXX
5CiGnKThu5ctn9pBxv7DGa,benny blanco,[],82,1469455,5iQ0Va8Dt5Yky4TXuqO5TF,Eastside (with Halsey & Khalid) - Acoustic,57,173004,False,2018-08-17,Eastside (with Halsey & Khalid) [Acoustic],https://open.spotify.com/track/5iQ0Va8Dt5Yky4TXuqO5TF
26VFTg2z8YR0cCuwLzESi2,Halsey,[],83,22151717,5iQ0Va8Dt5Yky4TXuqO5TF,Eastside (with Halsey & Khalid) - Acoustic,57,173004,False,2018-08-17,Eastside (with Halsey & Khalid) [Acoustic],https://open.spotify.com/track/5iQ0Va8Dt5Yky4TXuqO5TF
6LuN9FCkKOj5PcnpouEgny,Khalid,[],84,16726674,5iQ0Va8Dt5Yky4TXuqO5TF,Eastside (with Halsey & Khalid) - Acoustic,57,173004,False,2018-08-17,Eastside (with Halsey & Khalid) [Acoustic],https://open.spotify.com/track/5iQ0Va8Dt5Yky4TXuqO5TF
01QTIT5P1pFP3QnnFSdsJf,Lupe Fiasco,[],69,1951529,1hWYT0w2R0J19rlVkiez7X,Battle Scars (with Guy Sebastian),66,250320,False,2012-09-25,"Food & Liquor II: The Great American Rap Album, Pt. 1",https://open.spotify.com/track/1hWYT0w2R0J19rlVkiez7X
5PjekOABtfU2Kwo0AHVmci,Guy Sebastian,[],59,552516,1hWYT0w2R0J19rlVkiez7X,Battle Scars (with Guy Sebastian),66,250320,False,2012-09-25,"Food & Liquor II: The Great American Rap Album, Pt. 1",https://open.spotify.com/track/1hWYT0w2R0J19rlVkiez7X
7qRll6DYV06u2VuRPAVqug,Foxes,[],64,316872,60wwxj6Dd9NJlirf84wr2c,Clarity,81,271426,False,2012-01-01,Clarity,https://open.spotify.com/track/60wwxj6Dd9NJlirf84wr2c
4lfzmHxJUmbTMeg2OlnBNN,SVNAH,[],22,1396,4IRlI7QAFPwhI69NuPWw7E,Love is a Miracle,40,193714,False,2019-02-06,Love is a Miracle,https://open.spotify.com/track/4IRlI7QAFPwhI69NuPWw7E
5BxcZnUcETSt90VlbsdugI,Zachary Knowles,[],43,73079,3YPPKH6lfa7LTKK4oIzGq3,johnny & june,24,164418,False,2021-08-06,tendency to be a loner,https://open.spotify.com/track/3YPPKH6lfa7LTKK4oIzGq3
7cYEt1pqMgXJdq00hAwVpT,Chase Atlantic,[],83,9749327,1BwApC6z1fX4IWFPPjCHww,OHMAMI - With Maggie Lindemann,57,226843,True,2022-05-03,BEAUTY IN DEATH (DELUXE EDITION),https://open.spotify.com/track/1BwApC6z1fX4IWFPPjCHww
0uGk2czvcpWQA383Im6ajf,Maggie Lindemann,[],61,2038945,1BwApC6z1fX4IWFPPjCHww,OHMAMI - With Maggie Lindemann,57,226843,True,2022-05-03,BEAUTY IN DEATH (DELUXE EDITION),https://open.spotify.com/track/1BwApC6z1fX4IWFPPjCHww
7gvbCoLA8lJUktp8G2xIRR,Peachy!,[],51,236388,2xhGZ3WzOa3tir28y7Cb88,Falling for U,69,124000,False,2017-08-14,Falling for U,https://open.spotify.com/track/2xhGZ3WzOa3tir28y7Cb88
0pghUohLPptZWBasy2wmUx,THEY.,[],55,370145,0C145sjXoB4gpvJPF4Geqn,Choosin',49,176480,True,2025-02-14,LOVE.JONES,https://open.spotify.com/track/0C145sjXoB4gpvJPF4Geqn
31TPClRtHm23RisEBtV3X7,Justin Timberlake,[],83,15395070,13HiWKJ4hcGhzPsyuhNWgq,Electric Lady,36,260426,False,2013-09-27,The 20/20 Experience - 2 of 2 (Deluxe),https://open.spotify.com/track/13HiWKJ4hcGhzPsyuhNWgq
74KM79TiuVKeVCqs8QtB0B,Sabrina Carpenter,[],91,22832745,1byScELwcJffsdL5QWa6Yk,Why,63,171096,False,2017-07-07,Why,https://open.spotify.com/track/1byScELwcJffsdL5QWa6Yk
4M0vvoQACWxLNrLVrx3MWX,Saint Lane,[],29,4475,2wWTQ2gYlK1Tc5SIG6FFvp,staring at the sun,22,151724,True,2022-09-02,i thought my name was cursed,https://open.spotify.com/track/2wWTQ2gYlK1Tc5SIG6FFvp
3ua4MYAHmkOM1hL7o0FqIw,Sirena,[],44,4862,6vPJvkEuWZPcv58NnQ3dBR,Sweet Escape,57,232533,False,2015-05-22,Forever,https://open.spotify.com/track/6vPJvkEuWZPcv58NnQ3dBR
31TPClRtHm23RisEBtV3X7,Justin Timberlake,[],83,15395070,7Lf7oSEVdzZqTA0kEDSlS5,Cry Me a River,80,288333,False,2002-11-04,Justified,https://open.spotify.com/track/7Lf7oSEVdzZqTA0kEDSlS5
1nf5yEVCfMbqm1OCYpntBT,Prince Fox,[],33,59552,7nam2zoOW27TPhESCaCbqH,Five Months Later,27,181714,False,2019-05-31,"ALL THIS MUSIC, Vol. 1",https://open.spotify.com/track/7nam2zoOW27TPhESCaCbqH
4GvEc3ANtPPjt1ZJllr5Zl,Bazzi,[],70,5492868,5pzeevBDvU6GVXqUKoiYDX,I Don’t Even Know You Anymore (feat. Bazzi & Lil Wayne),45,167600,True,2019-02-14,I Don’t Even Know You Anymore,https://open.spotify.com/track/5pzeevBDvU6GVXqUKoiYDX
6GMYJwaziB4ekv1Y6wCDWS,Soulja Boy,[],71,2306112,0kswxxNV4DLBqJeMIqFh5n,She Make It Clap,57,111549,True,2021-04-15,She Make It Clap,https://open.spotify.com/track/0kswxxNV4DLBqJeMIqFh5n
2jku7tDXc6XoB6MO2hFuqg,Tory Lanez,[],82,7806588,2gHQ7upBrDEFOZZTO6ktbZ,Pluto’s Last Comet,61,211323,False,2021-12-10,Alone At Prom,https://open.spotify.com/track/2gHQ7upBrDEFOZZTO6ktbZ
1Xyo4u8uXC1ZmMpatF05PJ,The Weeknd,[],96,105641915,2SLwbpExuoBDZBpjfefCtV,Out of Time,78,214193,False,2022-01-06,Dawn FM,https://open.spotify.com/track/2SLwbpExuoBDZBpjfefCtV
6MDME20pz9RveH9rEXvrOM,Clean Bandit,[],77,5844443,3NuK5xMlSlB6K2Qp16zf3h,Solo (feat. Demi Lovato),74,222706,False,2018-11-30,What Is Love? (Deluxe Edition),https://open.spotify.com/track/3NuK5xMlSlB6K2Qp16zf3h
6S2OmqARrzebs0tKUEyXyp,Demi Lovato,[],78,27169889,3NuK5xMlSlB6K2Qp16zf3h,Solo (feat. Demi Lovato),74,222706,False,2018-11-30,What Is Love? (Deluxe Edition),https://open.spotify.com/track/3NuK5xMlSlB6K2Qp16zf3h
3DbwFQlvLxRSi2uX8mf81A,Sexyy Red,[],79,2102918,5M2lX0ZAYSAzCs1xPPi9BX,Fat Juicy & Wet,78,141057,True,2025-01-24,Fat Juicy & Wet,https://open.spotify.com/track/5M2lX0ZAYSAzCs1xPPi9BX
0du5cEVh5yTK9QJze8zA0C,Bruno Mars,[],93,72108693,5M2lX0ZAYSAzCs1xPPi9BX,Fat Juicy & Wet,78,141057,True,2025-01-24,Fat Juicy & Wet,https://open.spotify.com/track/5M2lX0ZAYSAzCs1xPPi9BX
7n2wHs1TKAczGzO7Dd2rGr,Shawn Mendes,[],84,44996732,7JJmb5XwzOO8jgpou264Ml,There's Nothing Holdin' Me Back,88,199440,False,2017-04-20,Illuminate (Deluxe),https://open.spotify.com/track/7JJmb5XwzOO8jgpou264Ml
246dkjvS1zLTtiykXe5h60,Post Malone,[],90,47039790,1nltpRhEiXikwDlVn4UADk,One Right Now (with The Weeknd),72,192721,True,2022-06-03,Twelve Carat Toothache,https://open.spotify.com/track/1nltpRhEiXikwDlVn4UADk
1Xyo4u8uXC1ZmMpatF05PJ,The Weeknd,[],96,105641915,1nltpRhEiXikwDlVn4UADk,One Right Now (with The Weeknd),72,192721,True,2022-06-03,Twelve Carat Toothache,https://open.spotify.com/track/1nltpRhEiXikwDlVn4UADk
0lAWpj5szCSwM4rUMHYmrr,Måneskin,[],80,10357428,4pt5fDVTg5GhEvEtlz9dKk,I WANNA BE YOUR SLAVE,84,173346,True,2021-03-19,Teatro d'ira - Vol. I,https://open.spotify.com/track/4pt5fDVTg5GhEvEtlz9dKk
3mIj9lX2MWuHmhNCA7LSCW,The 1975,[],78,7784484,2TgxCUZdHFkPEVmFge1OSd,Fallingforyou,61,240670,False,2013,The 1975 (Deluxe Version),https://open.spotify.com/track/2TgxCUZdHFkPEVmFge1OSd
5ZPYeVqoWNuukwfarvkyJX,SAIAH,[],33,24675,6PeV3ho9kjOYRRT5xJHMYU,Blue,21,226833,False,2022-11-11,Blue,https://open.spotify.com/track/6PeV3ho9kjOYRRT5xJHMYU
5Mk3yOBlfweeKamsDiap8H,The Millennial Club,[],54,95767,0t8YymdACBIQexYpQ5pBok,If You Stay,33,261453,False,2019-12-12,Coffee In The Morning,https://open.spotify.com/track/0t8YymdACBIQexYpQ5pBok
3uuKpwmr7SsX9lVp4AGG5x,Tori Romo,[],32,988,0t8YymdACBIQexYpQ5pBok,If You Stay,33,261453,False,2019-12-12,Coffee In The Morning,https://open.spotify.com/track/0t8YymdACBIQexYpQ5pBok
54mm1ZYyj9ljgcpfLw3qXS,Lucas Warwick,[],7,653,7pf0h3s5JCeEQDDHv2w7Dk,140 Proof,20,160000,True,2020-09-26,140 Proof,https://open.spotify.com/track/7pf0h3s5JCeEQDDHv2w7Dk
444KERNPfWuFIVw7TxEev6,Breakfast Road,[],19,2260,4clldJYhaQqtgwtR2xqh8R,Wait On Me,27,135903,False,2021-11-12,Wait On Me,https://open.spotify.com/track/4clldJYhaQqtgwtR2xqh8R
3v9wPA58IVrX2dg6AjSPgi,Virginia To Vegas,[],48,86507,5XPo15e5ICs6NvSMn44pTF,Malibu,48,148822,True,2021-03-19,Malibu,https://open.spotify.com/track/5XPo15e5ICs6NvSMn44pTF
5jAMCwdNHWr7JThxtMuEyy,NOTD,[],62,319607,5XPo15e5ICs6NvSMn44pTF,Malibu,48,148822,True,2021-03-19,Malibu,https://open.spotify.com/track/5XPo15e5ICs6NvSMn44pTF
6CwfuxIqcltXDGjfZsMd9A,MARINA,[],75,6012820,2sEk5R8ErGIFxbZ7rX6S2S,How to Be a Heartbreaker,72,221493,False,2012-04-27,Electra Heart (Deluxe),https://open.spotify.com/track/2sEk5R8ErGIFxbZ7rX6S2S
5cj0lLjcoR7YOSnhnX0Po5,Doja Cat,[],87,33373833,4EivmOT13NMpNSfTKn9p4s,Like That (feat. Gucci Mane),74,163173,True,2019-11-07,Hot Pink,https://open.spotify.com/track/4EivmOT13NMpNSfTKn9p4s
5DCd1EttaVv9lKFn0UZvHE,Ezzyland,[],7,3780,5PkcDaTNZRVNvVhf5OkcNe,Waise Bhi,18,152084,False,2021-02-12,Krytrim,https://open.spotify.com/track/5PkcDaTNZRVNvVhf5OkcNe
5RmZclxIWvmctw5DNBJyo6,Richie Quake,[],25,7600,7bm2fcze7tiuJFRnksj5K2,That's Not Love!,23,163240,False,2022-06-29,I Want Some!,https://open.spotify.com/track/7bm2fcze7tiuJFRnksj5K2
4GvEc3ANtPPjt1ZJllr5Zl,Bazzi,[],70,5492868,13iMiwdY7pgE1f7NwYKr1D,Renee's Song,52,130545,False,2020-04-01,Renee's Song,https://open.spotify.com/track/13iMiwdY7pgE1f7NwYKr1D
57nPqD7z62gDdq37US9XJR,Arcane,[],81,704918,4cCeHTJcKQU9PCuQ2jiYlI,Paint The Town Blue (from the series Arcane League of Legends),75,114600,False,2024-11-23,Arcane League of Legends: Season 2 (Soundtrack from the Animated Series),https://open.spotify.com/track/4cCeHTJcKQU9PCuQ2jiYlI
3PyJHH2wyfQK3WZrk9rpmP,Ashnikko,[],71,2539960,4cCeHTJcKQU9PCuQ2jiYlI,Paint The Town Blue (from the series Arcane League of Legends),75,114600,False,2024-11-23,Arcane League of Legends: Season 2 (Soundtrack from the Animated Series),https://open.spotify.com/track/4cCeHTJcKQU9PCuQ2jiYlI
2Ckx7052mEyHTynWgCaAdH,"give me your rain,",[],40,2366,4zGtsXOEpHDfEIZvbn5wnz,5 Centimeters Per Second (End Theme),43,175200,False,2021-08-04,5 Centimeters Per Second (End Theme),https://open.spotify.com/track/4zGtsXOEpHDfEIZvbn5wnz
0jnsk9HBra6NMjO2oANoPY,Flo Rida,[],82,8937951,26rdOwwjC2UnweK3xeS58u,GDFR (feat. Sage the Gemini & Lookas),75,190185,False,2015-04-07,My House,https://open.spotify.com/track/26rdOwwjC2UnweK3xeS58u
1Xyo4u8uXC1ZmMpatF05PJ,The Weeknd,[],96,105641915,2r7BPog74oaTG5shNYiUnV,House Of Balloons / Glass Table Girls,80,407315,True,2011-03-21,House Of Balloons (Original),https://open.spotify.com/track/2r7BPog74oaTG5shNYiUnV
37M5pPGs6V1fchFJSgCguX,FINNEAS,[],70,2256482,61XKjaoYP146b27n8Z0mEJ,Claudia,52,161876,False,2019-02-22,Claudia,https://open.spotify.com/track/61XKjaoYP146b27n8Z0mEJ
0z4gvV4rjIZ9wHck67ucSV,Akon,[],84,5642327,0CXVjQI9wsqaGeIARkkpYc,I Wanna Love You,78,247066,True,2006-01-01,Konvicted,https://open.spotify.com/track/0CXVjQI9wsqaGeIARkkpYc
3zM2OWAY9VRMhq1IW8XMlH,Noah Tonin,[],32,2748,2KjUyXyXVjSylGwL64Lj2F,WHAT YOU DO,40,130183,False,2024-06-27,WHAT YOU DO,https://open.spotify.com/track/2KjUyXyXVjSylGwL64Lj2F
5IH6FPUwQTxPSXurCrcIov,Alec Benjamin,[],74,5473095,211LaT5hzPOKolVtgzwWnq,Steve,51,173487,False,2018-11-16,Narrated For You,https://open.spotify.com/track/211LaT5hzPOKolVtgzwWnq
5poMDCBflvu2tgtA0CRF17,Mickey Kojak,[],36,10631,2viJufnGlsjR1X51CEHpeg,Electronic Memories (feat. Mickey Kojak),40,237346,False,2018-10-05,Find Paradise,https://open.spotify.com/track/2viJufnGlsjR1X51CEHpeg
6LuN9FCkKOj5PcnpouEgny,Khalid,[],84,16726674,6Hgh47WXVKtXN5zGOu0hjI,OTW,73,263013,True,2018-04-20,OTW,https://open.spotify.com/track/6Hgh47WXVKtXN5zGOu0hjI
4IVAbR2w4JJNJDDRFP3E83,6LACK,[],74,4817337,6Hgh47WXVKtXN5zGOu0hjI,OTW,73,263013,True,2018-04-20,OTW,https://open.spotify.com/track/6Hgh47WXVKtXN5zGOu0hjI
4c4l8i28GGXPheP0HnRORl,Issadora Ava,[],24,11021,5mOPWc6HBo77VOztxzFh5s,Can U Meet Me There,33,212584,False,2021-01-22,Can U Meet Me There,https://open.spotify.com/track/5mOPWc6HBo77VOztxzFh5s
18CPEToK1OfjJ5B5vDBDKa,Weston Estate,[],54,145290,2RaQ5u0MW7truEBYHxvvTp,Sixty,48,136760,False,2022-02-25,Maggie Valley,https://open.spotify.com/track/2RaQ5u0MW7truEBYHxvvTp
3v9wPA58IVrX2dg6AjSPgi,Virginia To Vegas,[],48,86507,3kIkDvbXEhvFA9xK0tYk4S,amnesia,23,154856,False,2023-02-17,life gets interesting...,https://open.spotify.com/track/3kIkDvbXEhvFA9xK0tYk4S
2cFrymmkijnjDg9SS92EPM,blackbear,[],74,5040181,4ABdTWafMCXfATpILRuZFW,IDWK,48,179999,False,2018-06-01,IDWK,https://open.spotify.com/track/4ABdTWafMCXfATpILRuZFW
7uaIm6Pw7xplS8Dy06V6pT,Trevor Daniel,[],64,899619,0pHwmnmw6YSoMgJQTjjRbG,SYL,30,162105,True,2023-03-24,SYL,https://open.spotify.com/track/0pHwmnmw6YSoMgJQTjjRbG
3gIRvgZssIb9aiirIg0nI3,Jeremy Zucker,[],67,2332892,1sTtlEZeVeeEnxEztJNkYN,emily,53,233746,False,2021-02-05,brent ii,https://open.spotify.com/track/1sTtlEZeVeeEnxEztJNkYN
5JMLG56F1X5mFmWNmS0iAp,Chelsea Cutler,[],66,730147,1sTtlEZeVeeEnxEztJNkYN,emily,53,233746,False,2021-02-05,brent ii,https://open.spotify.com/track/1sTtlEZeVeeEnxEztJNkYN
0PCCGZ0wGLizHt2KZ7hhA2,Artemas,[],77,1252952,0pRbwemRrnRUDOAniF6FOR,High 4 U,52,162793,True,2020-11-13,High 4 U,https://open.spotify.com/track/0pRbwemRrnRUDOAniF6FOR
7HBai5xymOxIWoMWvWshe1,Teriyaki Boyz,[],60,145436,0upFohXrGxIIAjyaJmCkMU,"Tokyo Drift (Fast & Furious) - From ""The Fast And The Furious: Tokyo Drift"" Soundtrack",75,255946,False,2006-01-01,Tokyo Drift (Fast & Furious),https://open.spotify.com/track/0upFohXrGxIIAjyaJmCkMU
2D5kO95AWEXMHRvqvCKb7K,Stegosaurus Rex,[],44,41895,2PJhATOD9dWsevezmfjoMA,Nowhere To Run,62,300000,False,2010-01-01,The Dino Soars,https://open.spotify.com/track/2PJhATOD9dWsevezmfjoMA
4Vw9AVIUyOYmwYYX54uRM4,SOLOMON,[],51,173184,3cVhTgUF4R97T7LJqWLOYP,listen up - Radio Edit,55,108949,False,2022-11-11,listen up (Radio Edit),https://open.spotify.com/track/3cVhTgUF4R97T7LJqWLOYP
7MoIc5s9KXolCBH1fy9kkw,Japanese Breakfast,[],63,797202,5ksM8r8u4AjMwvtqUif9W1,Slide Tackle,55,219782,False,2021-06-04,Jubilee,https://open.spotify.com/track/5ksM8r8u4AjMwvtqUif9W1
6ca7jh9F8zI1sleH7oBVDM,Caylie Catoe,[],14,44,4DhDY63pZnPFmuWEkLIgoY,I Found You,31,149659,False,2021-01-22,Where I Belong,https://open.spotify.com/track/4DhDY63pZnPFmuWEkLIgoY
3vcmFdngDnToTjWO61hMTK,Kidsnot$aints.,[],45,38769,6JmgoHbfZYdWTR9vp6lN90,Daydreamer,45,142011,True,2020-08-06,Daydreamer,https://open.spotify.com/track/6JmgoHbfZYdWTR9vp6lN90
1xr2G8Hlx4QWmT9HaUbmoO,Young Stoner Life,[],66,251030,6rUmUJ2drFemHTH73bFAKQ,That Go! (feat. T-Shyne),75,226400,True,2021-04-16,Slime Language 2,https://open.spotify.com/track/6rUmUJ2drFemHTH73bFAKQ
14qypx78D3Jd1mm7c2BqQb,T-Shyne,[],57,46013,6rUmUJ2drFemHTH73bFAKQ,That Go! (feat. T-Shyne),75,226400,True,2021-04-16,Slime Language 2,https://open.spotify.com/track/6rUmUJ2drFemHTH73bFAKQ
1Xyo4u8uXC1ZmMpatF05PJ,The Weeknd,[],96,105641915,3Te3gG6MPEDNqLGzWrjKC3,Nothing Without You,60,198653,False,2016-11-24,Starboy,https://open.spotify.com/track/3Te3gG6MPEDNqLGzWrjKC3
3v9wPA58IVrX2dg6AjSPgi,Virginia To Vegas,[],48,86507,51VgYxCLfaDv3xBpWVrEo3,Losing Touch,19,169853,True,2019-06-14,Hartland St.,https://open.spotify.com/track/51VgYxCLfaDv3xBpWVrEo3
7n2wHs1TKAczGzO7Dd2rGr,Shawn Mendes,[],84,44996732,5gW3kI83886nVV9apaFLWu,Mutual,54,148360,False,2018-05-25,Shawn Mendes,https://open.spotify.com/track/5gW3kI83886nVV9apaFLWu
53XhwfbYqKCa1cC15pYq2q,Imagine Dragons,[],88,57326320,6Qn5zhYkTa37e91HC1D7lb,Whatever It Takes,85,201240,False,2017-06-23,Evolve,https://open.spotify.com/track/6Qn5zhYkTa37e91HC1D7lb
4vYj7nah6DyidXoeKEDRy7,Julian,[],20,2743,4LfpVTgqD7suMns88pPHtm,sydney,26,204949,False,2019-11-22,sydney,https://open.spotify.com/track/4LfpVTgqD7suMns88pPHtm
3hv9jJF3adDNsBSIQDqcjp,Mark Ronson,[],77,1234045,2N3U8uTYhjX2KwGT0pf5x0,"Everyday (feat. Rod Stewart, Miguel & Mark Ronson)",83,260986,True,2015-05-26,AT.LONG.LAST.A$AP,https://open.spotify.com/track/2N3U8uTYhjX2KwGT0pf5x0
2VIoWte1HPDbZ2WqHd2La7,The Turtles,[],61,675750,4DWFSrNnZXow1aB96gByho,Elenore,59,151306,False,1968,The Turtles Present The Battle of the Bands,https://open.spotify.com/track/4DWFSrNnZXow1aB96gByho
7skgISRCbhB6dbhB26RDHb,Collin Selman,[],26,5271,62ns430yCFjjmsgbHdTuez,ETC.,24,178424,False,2020-06-26,ETC.,https://open.spotify.com/track/62ns430yCFjjmsgbHdTuez
1vkWdqcabQ1swciXipkLBj,awfultune,[],54,377986,6Csn07rSjTle1myRtfWAyn,i met sarah in the bathroom,68,121374,True,2019-07-31,i met sarah in the bathroom,https://open.spotify.com/track/6Csn07rSjTle1myRtfWAyn
0z4gvV4rjIZ9wHck67ucSV,Akon,[],84,5642327,3BwkldhE22DdxOcXegF2Kv,Bananza (Belly Dancer),66,238493,False,2005-01-01,Trouble Deluxe Edition,https://open.spotify.com/track/3BwkldhE22DdxOcXegF2Kv
5LGo1zHegJTWzqVXgeNplt,Ryan Mack,[],64,427946,3EV2dBelFXJsqVnNpz9vTd,Guess That's Love,50,195213,True,2021-06-11,Guess That's Love,https://open.spotify.com/track/3EV2dBelFXJsqVnNpz9vTd
1uNFoZAHBGtllmzznpCI3s,Justin Bieber,[],91,82592505,61WR5FfGNLJxpLsAc61qWQ,2U (feat. Justin Bieber),66,194893,False,2018,7: Anniversary Edition,https://open.spotify.com/track/61WR5FfGNLJxpLsAc61qWQ
2cFrymmkijnjDg9SS92EPM,blackbear,[],74,5040181,0tyR7Bu9P086aWBFZ4QJoo,Monsters (feat. blackbear),71,174067,True,2020-04-03,"Wake Up, Sunshine",https://open.spotify.com/track/0tyR7Bu9P086aWBFZ4QJoo
1cN7t71QLFV6b0Fs3PlkPS,donny daydream,[],36,4218,40tW4z53iYNu2fTc2TOGqA,ANGELIC,38,175820,False,2022-06-25,ANGELIC,https://open.spotify.com/track/40tW4z53iYNu2fTc2TOGqA
1JREmglx633MGQB73njWtE,Maasho,[],37,13100,7Hb4Dtw675WtRzSRrQVPfA,boyfriend,45,180010,False,2019-11-29,boyfriend,https://open.spotify.com/track/7Hb4Dtw675WtRzSRrQVPfA
38SHprY6NUd8O9LyWJ4hg4,RILEY,[],43,17364,2W1P3jxG2RDqoF6yxhx01E,Under Pressure (feat. Chase Atlantic),58,207804,True,2019-04-04,Under Pressure (feat. Chase Atlantic),https://open.spotify.com/track/2W1P3jxG2RDqoF6yxhx01E
7cYEt1pqMgXJdq00hAwVpT,Chase Atlantic,[],83,9749327,2W1P3jxG2RDqoF6yxhx01E,Under Pressure (feat. Chase Atlantic),58,207804,True,2019-04-04,Under Pressure (feat. Chase Atlantic),https://open.spotify.com/track/2W1P3jxG2RDqoF6yxhx01E
2h93pZq0e7k5yf4dywlkpM,Frank Ocean,[],88,18955995,2ZWlPOoWh0626oTaHrnl2a,Ivy,86,249191,True,2016-08-20,Blonde,https://open.spotify.com/track/2ZWlPOoWh0626oTaHrnl2a
1Xyo4u8uXC1ZmMpatF05PJ,The Weeknd,[],96,105641915,5ehXToeJ8Tgc4wMhY42Oul,Wake Me Up (feat. Justice),61,308575,False,2025-01-30,Hurry Up Tomorrow,https://open.spotify.com/track/5ehXToeJ8Tgc4wMhY42Oul
44pYO6BiJ0RTCxwHXEVRpk,slowbro,[],17,1117,76JNYhsRnnelWciiO0l40V,Stay – slowed + reverb,27,123241,False,2022-10-07,"slowed + reverb covers of 2022 hit songs, Vol. 1",https://open.spotify.com/track/76JNYhsRnnelWciiO0l40V
1Xyo4u8uXC1ZmMpatF05PJ,The Weeknd,[],96,105641915,0bxRSMz5WY1VuMmOhanE4b,Baptized In Fear,70,232176,False,2025-01-30,Hurry Up Tomorrow,https://open.spotify.com/track/0bxRSMz5WY1VuMmOhanE4b
2l35CQqtYRh3d8ZIiBep4v,MKTO,[],66,1108579,6FE2iI43OZnszFLuLtvvmg,Classic,84,175426,False,2012,MKTO,https://open.spotify.com/track/6FE2iI43OZnszFLuLtvvmg
4JpIqUnQzJYoA34LWoj3ll,TruePilot,[],20,1251,1UKMkPZaghSYe4obHRaWzo,isometric,30,157177,False,2020-12-04,isometric,https://open.spotify.com/track/1UKMkPZaghSYe4obHRaWzo
1URnnhqYAYcrqrcwql10ft,21 Savage,[],88,22695743,2t8yVaLvJ0RenpXUIAC52d,a lot,82,288624,True,2018-12-21,i am > i was,https://open.spotify.com/track/2t8yVaLvJ0RenpXUIAC52d
3IJ770I1QPmwVp7yug0eJ4,Lustra,[],61,101770,1LkoYGxmYpO6QSEvY5C0Zl,Scotty Doesn't Know,79,175200,False,2006,Left for Dead,https://open.spotify.com/track/1LkoYGxmYpO6QSEvY5C0Zl
3Rx4PJ7SP6unkOk5elPUK7,Money Man,[],67,763333,2FVMbLuIxo0dz3KLXgN6Jh,24,63,160952,True,2020-03-02,Epidemic,https://open.spotify.com/track/2FVMbLuIxo0dz3KLXgN6Jh
3v9wPA58IVrX2dg6AjSPgi,Virginia To Vegas,[],48,86507,4SpE5CtfNJgpJS4ogrPJxj,intro,8,61306,False,2020-02-28,a constant state of improvement.,https://open.spotify.com/track/4SpE5CtfNJgpJS4ogrPJxj
0wrbaNL900CWaR5DYERLze,payton,[],44,325522,5BEZtiV4ClWO0L2J0Mw7Hf,RICH BOY,62,111911,True,2021-12-10,RICH BOY,https://open.spotify.com/track/5BEZtiV4ClWO0L2J0Mw7Hf
59KX7XUUgAOOo5IyDjca0T,Verzache,[],55,261573,5ns6ySa60NTnFKlKXE1wab,Broke Mine,34,211533,True,2022-03-11,Broke Mine,https://open.spotify.com/track/5ns6ySa60NTnFKlKXE1wab
4kYSro6naA4h99UJvo89HB,Cardi B,[],80,25358357,7fa9MBXhVfQ8P8Df9OEbD8,Girls Like You (feat. Cardi B) - Cardi B Version,76,235545,True,2018-06-15,Red Pill Blues (Deluxe),https://open.spotify.com/track/7fa9MBXhVfQ8P8Df9OEbD8
4kIwETcbpuFgRukE8o7Opx,Arlo Parks,[],58,642163,0sT4slW2xWai3EwVSiuL9Y,Eugene,60,223413,True,2021-01-29,Collapsed In Sunbeams,https://open.spotify.com/track/0sT4slW2xWai3EwVSiuL9Y
3v9wPA58IVrX2dg6AjSPgi,Virginia To Vegas,[],48,86507,1ROWNdTB4MGdgC9ojPwqCp,cry,21,174386,False,2020-10-30,"don't wake me, i'm dreaming",https://open.spotify.com/track/1ROWNdTB4MGdgC9ojPwqCp
5Rl15oVamLq7FbSb0NNBNy,5 Seconds of Summer,[],77,10329125,2iUXsYOEPhVqEBwsqP70rE,Youngblood,83,203417,False,2018-06-15,Youngblood (Deluxe),https://open.spotify.com/track/2iUXsYOEPhVqEBwsqP70rE
4gzpq5DPGxSnKTe4SA8HAU,Coldplay,[],91,58527369,3RiPr603aXAoi4GHyXx0uy,Hymn for the Weekend,86,258266,False,2015-12-04,A Head Full of Dreams,https://open.spotify.com/track/3RiPr603aXAoi4GHyXx0uy
6LuN9FCkKOj5PcnpouEgny,Khalid,[],84,16726674,4hS7b55aChkN6FePTc6CeD,Voicemail (feat. Kiana Ledé),45,247426,True,2021-12-03,Scenic Drive (The Tape),https://open.spotify.com/track/4hS7b55aChkN6FePTc6CeD
7jZMxhsB8djyIbYmoiJSTs,Kiana Ledé,[],60,1720967,4hS7b55aChkN6FePTc6CeD,Voicemail (feat. Kiana Ledé),45,247426,True,2021-12-03,Scenic Drive (The Tape),https://open.spotify.com/track/4hS7b55aChkN6FePTc6CeD
246dkjvS1zLTtiykXe5h60,Post Malone,[],90,47039790,5IUtvfNvOyVYZUa6AJFrnP,Spicy (feat. Post Malone),64,143375,True,2020-10-23,Featuring Ty Dolla $ign,https://open.spotify.com/track/5IUtvfNvOyVYZUa6AJFrnP
5exS0bytCYdixgv02DaCm3,William Singe,[],60,621664,7jEyX4bqaCSdMN4D4JNnVj,Mama,76,184133,False,2018-11-09,Blue,https://open.spotify.com/track/7jEyX4bqaCSdMN4D4JNnVj
6fC2AcsQtd9h4BWELbbire,Peach Pit,[],65,865912,6OiRh4kttAs1YWglvTcYkB,Alrighty Aphrodite,69,207813,False,2018-06-28,Being So Normal,https://open.spotify.com/track/6OiRh4kttAs1YWglvTcYkB
1f5ucIXzThFIV4zdodi5zx,Skytrip,[],4,1081,1spcgzZ8Ztocm7fFN35gkM,i fucking love you (feat. Nichelle Monteiro),16,155333,True,2021-11-18,i fucking love you (feat. Nichelle Monteiro),https://open.spotify.com/track/1spcgzZ8Ztocm7fFN35gkM
0ujPXUpwmNUW9lfqgKWMHm,Nichelle Monteiro,[],4,26,1spcgzZ8Ztocm7fFN35gkM,i fucking love you (feat. Nichelle Monteiro),16,155333,True,2021-11-18,i fucking love you (feat. Nichelle Monteiro),https://open.spotify.com/track/1spcgzZ8Ztocm7fFN35gkM
2jku7tDXc6XoB6MO2hFuqg,Tory Lanez,[],82,7806588,6GGmABM6AMwMzEhK7szqJT,Pink Dolphin Sunset (feat. Tee),70,212450,False,2021-12-10,Alone At Prom,https://open.spotify.com/track/6GGmABM6AMwMzEhK7szqJT
5cdrxr9s52oZCf78xOLa4R,Tee,[],52,36361,6GGmABM6AMwMzEhK7szqJT,Pink Dolphin Sunset (feat. Tee),70,212450,False,2021-12-10,Alone At Prom,https://open.spotify.com/track/6GGmABM6AMwMzEhK7szqJT
3rxZNKt0FzxfoqcDC5dYpi,Tobias,[],17,1238,1dIpfkyKeHACjRcvmblB0d,Orange and Teal.,26,149760,False,2021-10-22,I Never Wanted To Get My Licence. (Side A),https://open.spotify.com/track/1dIpfkyKeHACjRcvmblB0d
657cIlxaFXb4N4BFJ1KWgK,Cloud Dstrct,[],11,419,1dIpfkyKeHACjRcvmblB0d,Orange and Teal.,26,149760,False,2021-10-22,I Never Wanted To Get My Licence. (Side A),https://open.spotify.com/track/1dIpfkyKeHACjRcvmblB0d
2cFrymmkijnjDg9SS92EPM,blackbear,[],74,5040181,0WHLAdmj06siT3xEB4gU5N,why are girls?,42,187810,True,2020-08-21,everything means nothing,https://open.spotify.com/track/0WHLAdmj06siT3xEB4gU5N
3v9wPA58IVrX2dg6AjSPgi,Virginia To Vegas,[],48,86507,1RYms4GCVHO98iQdRQ1KPF,r.i.p.,27,185200,True,2023-02-17,life gets interesting...,https://open.spotify.com/track/1RYms4GCVHO98iQdRQ1KPF
6LuN9FCkKOj5PcnpouEgny,Khalid,[],84,16726674,1VcORtwbt560HNpnDMyCCu,Open (feat. Majid Jordan),49,227946,False,2021-12-03,Scenic Drive (The Tape),https://open.spotify.com/track/1VcORtwbt560HNpnDMyCCu
4HzKw8XcD0piJmDrrPRCYk,Majid Jordan,[],69,990639,1VcORtwbt560HNpnDMyCCu,Open (feat. Majid Jordan),49,227946,False,2021-12-03,Scenic Drive (The Tape),https://open.spotify.com/track/1VcORtwbt560HNpnDMyCCu
1Xyo4u8uXC1ZmMpatF05PJ,The Weeknd,[],96,105641915,3DX4Y0egvc0slLcLl31h2p,Secrets,64,265600,False,2016-11-24,Starboy,https://open.spotify.com/track/3DX4Y0egvc0slLcLl31h2p
